group_id	n_genomes	accessions	organisms
g001	8	GCF_000194135.1,GCF_000420385.1,GCF_000744435.1,GCF_002119425.1,GCF_014466985.1,GCF_015100395.1,GCF_027943725.1,GCF_027946175.1	Hippea maritima; Hippea alviniae; Hippea jasoniae; Desulfurella amilsii; Nitrosophilus labii; Nitrosophilus alvini; Nitrosophilus kaiyonis; Nitratiruptor tergarcus
g002	11	GCF_000155475.1,GCF_000518225.1,GCF_000762845.2,GCF_000763135.2,GCF_001602095.1,GCF_001693335.1,GCF_003364205.1,GCF_003364215.1,GCF_003364255.1,GCF_003670275.1,GCF_021300655.1	Helicobacter cinaedi; Helicobacter pametensis; Helicobacter japonicus; Helicobacter jaachi; Helicobacter himalayensis; Helicobacter enhydrae; Helicobacter brantae; Helicobacter cholecystus; Helicobacter marmotae; Helicobacter labetoulli; Helicobacter kayseriensis
g003	3	GCF_000242915.1,GCF_000445475.1,GCF_009258225.1	Sulfurimonas gotlandica; Sulfurimonas hongkongensis; Sulfurimonas lithotrophica
g004	2	GCF_000687535.1,GCF_003245365.1	Helicobacter rodentium; Helicobacter valdiviensis
g005	2	GCF_000254135.1,GCF_001457695.1	Campylobacter coli; Campylobacter jejuni
g006	3	GCF_019711685.1,GCF_027859255.1,GCF_028751035.1	Helicobacter turcicus; Helicobacter ibis; Helicobacter winghamensis
g007	3	GCF_000024885.1,GCF_000265295.1,GCF_000813325.1	Sulfurospirillum deleyianum; Sulfurospirillum barnesii; Sulfurospirillum cavolei
g008	5	GCF_000092245.1,GCF_002837275.1,GCF_003346775.1,GCF_003544855.1,GCF_003544935.1	Arcobacter nitrofigilis; Malaciobacter halophilus; Malaciobacter mytili; Malaciobacter marinus; Malaciobacter molluscorum
g009	4	GCF_000092245.1,GCF_003346815.1,GCF_006459125.1,GCF_013201825.1	Arcobacter nitrofigilis; Halarcobacter bivalviorum; Halarcobacter anaerophilus; Halarcobacter ebronensis
g010	8	GCF_000092245.1,GCF_002837275.1,GCF_003346775.1,GCF_003346815.1,GCF_003544855.1,GCF_003544935.1,GCF_006459125.1,GCF_013201825.1	Arcobacter nitrofigilis; Malaciobacter halophilus; Malaciobacter mytili; Halarcobacter bivalviorum; Malaciobacter marinus; Malaciobacter molluscorum; Halarcobacter anaerophilus; Halarcobacter ebronensis
g011	5	GCF_000507845.1,GCF_003364335.1,GCF_008693005.1,GCF_021300615.1,GCF_900476215.1	Helicobacter macacae; Helicobacter anseris; Helicobacter canis; Helicobacter anatolicus; Helicobacter mustelae
g012	4	GCF_003063245.1,GCF_013177635.1,GCF_013201725.1,GCF_013201935.1	Arcobacter caeni; Arcobacter aquimarinus; Arcobacter defluvii; Arcobacter cloacae
g013	7	GCF_000012965.1,GCF_000242915.1,GCF_000445475.1,GCF_005217605.1,GCF_015265455.1,GCF_015265475.1,GCF_017357825.1	Sulfurimonas denitrificans; Sulfurimonas gotlandica; Sulfurimonas hongkongensis; Sulfurimonas crateris; Sulfurimonas baltica; Sulfurimonas marisnigri; Sulfurimonas aquatica
g014	2	GCF_000816785.1,GCF_013201605.1	Campylobacter peloridis; Campylobacter ornithocola
g015	2	GCF_000816305.1,GCF_000816785.1	Campylobacter subantarcticus; Campylobacter peloridis
g016	2	GCF_000816185.1,GCF_013372105.1	Campylobacter insulaenigrae; Campylobacter armoricus
g017	2	GCF_000012965.1,GCF_000445475.1	Sulfurimonas denitrificans; Sulfurimonas hongkongensis
g018	2	GCF_000816305.1,GCF_008245045.1	Campylobacter subantarcticus; Campylobacter volucris
g019	4	GCF_000687535.1,GCF_019711685.1,GCF_027859255.1,GCF_028751035.1	Helicobacter rodentium; Helicobacter turcicus; Helicobacter ibis; Helicobacter winghamensis
g020	7	GCF_000194135.1,GCF_000420385.1,GCF_000744435.1,GCF_002119425.1,GCF_014466985.1,GCF_027943725.1,GCF_027946175.1	Hippea maritima; Hippea alviniae; Hippea jasoniae; Desulfurella amilsii; Nitrosophilus labii; Nitrosophilus kaiyonis; Nitratiruptor tergarcus
g021	7	GCF_000021725.1,GCF_002335445.1,GCF_003752135.1,GCF_005843985.1,GCF_016593255.1,GCF_030296055.1,GCF_900115615.1	Nautilia profundicola; Lebetimonas natsushimae; Caminibacter pacificus; Caminibacter mediatlanticus; Hydrogenimonas urashimensis; Hydrogenimonas cancrithermarum; Hydrogenimonas thermophila
g022	6	GCF_000194135.1,GCF_000420385.1,GCF_000744435.1,GCF_002119425.1,GCF_014466985.1,GCF_027943725.1	Hippea maritima; Hippea alviniae; Hippea jasoniae; Desulfurella amilsii; Nitrosophilus labii; Nitrosophilus kaiyonis
g023	8	GCF_000162575.1,GCF_000196135.1,GCF_000687535.1,GCF_003245365.1,GCF_019711685.1,GCF_023646285.1,GCF_027859255.1,GCF_028751035.1	Helicobacter canadensis; Wolinella succinogenes; Helicobacter rodentium; Helicobacter valdiviensis; Helicobacter turcicus; Helicobacter colisuis; Helicobacter ibis; Helicobacter winghamensis
g024	8	GCF_001956695.1,GCF_002837275.1,GCF_003346775.1,GCF_003544855.1,GCF_003544935.1,GCF_003667345.1,GCF_013283835.1,GCF_024267655.1	Poseidonibacter parvus; Malaciobacter halophilus; Malaciobacter mytili; Malaciobacter marinus; Malaciobacter molluscorum; Poseidonibacter antarcticus; Poseidonibacter lekithochrous; Arcobacter roscoffensis
g025	3	GCF_001956695.1,GCF_003667345.1,GCF_004214795.1	Poseidonibacter parvus; Poseidonibacter antarcticus; Malaciobacter pacificus
g026	11	GCF_000155475.1,GCF_000686565.1,GCF_000762845.2,GCF_000762875.2,GCF_000763135.2,GCF_000765805.2,GCF_000765905.2,GCF_001602095.1,GCF_003364195.1,GCF_003364255.1,GCF_003670275.1	Helicobacter cinaedi; Helicobacter bilis; Helicobacter japonicus; Helicobacter saguini; Helicobacter jaachi; Helicobacter muridarum; Helicobacter trogontum; Helicobacter himalayensis; Helicobacter didelphidarum; Helicobacter marmotae; Helicobacter labetoulli
g027	5	GCF_001956695.1,GCF_003667345.1,GCF_013177635.1,GCF_013201725.1,GCF_013201935.1	Poseidonibacter parvus; Poseidonibacter antarcticus; Arcobacter aquimarinus; Arcobacter defluvii; Arcobacter cloacae
g028	3	GCF_003063295.1,GCF_013201725.1,GCF_900187115.1	Arcobacter lacus; Arcobacter defluvii; Aliarcobacter butzleri
g029	5	GCF_000012965.1,GCF_005217605.1,GCF_009258225.1,GCF_015265455.1,GCF_015265475.1	Sulfurimonas denitrificans; Sulfurimonas crateris; Sulfurimonas lithotrophica; Sulfurimonas baltica; Sulfurimonas marisnigri
g030	5	GCF_000012965.1,GCF_000242915.1,GCF_000445475.1,GCF_005217605.1,GCF_009258225.1	Sulfurimonas denitrificans; Sulfurimonas gotlandica; Sulfurimonas hongkongensis; Sulfurimonas crateris; Sulfurimonas lithotrophica
g031	4	GCF_002080395.1,GCF_002238335.1,GCF_006864425.1,GCF_900637395.1	Campylobacter helveticus; Campylobacter avium; Campylobacter troglodytis; Campylobacter upsaliensis
g032	7	GCF_000012965.1,GCF_000242915.1,GCF_000445475.1,GCF_005217605.1,GCF_009258225.1,GCF_015265455.1,GCF_015265475.1	Sulfurimonas denitrificans; Sulfurimonas gotlandica; Sulfurimonas hongkongensis; Sulfurimonas crateris; Sulfurimonas lithotrophica; Sulfurimonas baltica; Sulfurimonas marisnigri
g033	3	GCF_002080395.1,GCF_004323845.1,GCF_900637395.1	Campylobacter helveticus; Campylobacter novaezeelandiae; Campylobacter upsaliensis
g034	4	GCF_004803795.1,GCF_004803815.1,GCF_013372125.1,GCF_014253065.1	Campylobacter rectus; Campylobacter showae; Campylobacter curvus; Campylobacter massiliensis
g035	3	GCF_001687475.2,GCF_002104335.1,GCF_016806695.1	Campylobacter hepaticus; Campylobacter cuniculorum; Campylobacter bilis
g036	2	GCF_000597725.1,GCF_016937535.1	Sulfurospirillum arcachonense; Sulfurospirillum tamanense
g037	3	GCF_001298465.1,GCF_004803795.1,GCF_014253065.1	Campylobacter concisus; Campylobacter rectus; Campylobacter massiliensis
g038	2	GCF_000816785.1,GCF_013372185.1	Campylobacter peloridis; Campylobacter lari
g039	15	GCF_000200595.1,GCF_000259275.1,GCF_000507845.1,GCF_001282945.1,GCF_001283065.1,GCF_003364335.1,GCF_003660265.1,GCF_003660285.1,GCF_003660395.1,GCF_008693005.1,GCF_017979425.1,GCF_021300615.1,GCF_900461455.1,GCF_900476215.1,GCF_900478295.1	Helicobacter felis; Helicobacter cetorum; Helicobacter macacae; Helicobacter ailurogastricus; Helicobacter heilmannii; Helicobacter anseris; Helicobacter mehlei; Helicobacter labacensis; Helicobacter vulpis; Helicobacter canis; Helicobacter salomonis; Helicobacter anatolicus; Helicobacter acinonychis; Helicobacter mustelae; Helicobacter pylori
g040	5	GCF_003316695.1,GCF_003544835.1,GCF_004214815.1,GCF_004299785.2,GCF_013201625.1	Aliarcobacter vitoriensis; Aliarcobacter skirrowii; Aliarcobacter thereius; Arcobacter porcinus; Aliarcobacter lanthieri
g041	5	GCF_001457695.1,GCF_001687475.2,GCF_002080395.1,GCF_016806695.1,GCF_900637395.1	Campylobacter jejuni; Campylobacter hepaticus; Campylobacter helveticus; Campylobacter bilis; Campylobacter upsaliensis
g042	2	GCF_014905095.1,GCF_017357825.1	Sulfurimonas marina; Sulfurimonas aquatica
g043	3	GCF_000816185.1,GCF_000816785.1,GCF_008245045.1	Campylobacter insulaenigrae; Campylobacter peloridis; Campylobacter volucris
g044	2	GCF_000813325.1,GCF_025770725.1	Sulfurospirillum cavolei; Sulfurospirillum oryzae
g045	2	GCF_000242915.1,GCF_015265475.1	Sulfurimonas gotlandica; Sulfurimonas marisnigri
g046	3	GCF_000816785.1,GCF_008245045.1,GCF_013372105.1	Campylobacter peloridis; Campylobacter volucris; Campylobacter armoricus
g047	3	GCF_000568815.1,GCF_000813325.1,GCF_001723605.1	Sulfurospirillum multivorans; Sulfurospirillum cavolei; Sulfurospirillum halorespirans
g048	3	GCF_000816785.1,GCF_013201605.1,GCF_013372185.1	Campylobacter peloridis; Campylobacter ornithocola; Campylobacter lari
g049	2	GCF_008245045.1,GCF_013372105.1	Campylobacter volucris; Campylobacter armoricus
g050	4	GCF_000162575.1,GCF_017979475.1,GCF_023646285.1,GCF_027859255.1	Helicobacter canadensis; Helicobacter pullorum; Helicobacter colisuis; Helicobacter ibis
g051	2	GCF_009068765.1,GCF_009192995.1	Sulfurimonas hydrogeniphila; Sulfurimonas indica
g052	4	GCF_000147355.1,GCF_009068765.1,GCF_014905095.1,GCF_014905115.1	Sulfurimonas autotrophica; Sulfurimonas hydrogeniphila; Sulfurimonas marina; Sulfurimonas sediminis
g053	4	GCF_000687535.1,GCF_003245365.1,GCF_019711685.1,GCF_028751035.1	Helicobacter rodentium; Helicobacter valdiviensis; Helicobacter turcicus; Helicobacter winghamensis
g054	5	GCF_001298465.1,GCF_013372125.1,GCF_013372205.1,GCF_018145655.1,GCF_905120475.1	Campylobacter concisus; Campylobacter curvus; Campylobacter mucosalis; Campylobacter anatolicus; Campylobacter suis
g055	5	GCF_002139855.1,GCF_002139875.1,GCF_002139915.1,GCF_002139935.1,GCF_028649595.1	Campylobacter porcelli; Campylobacter vicugnae; Campylobacter devanensis; Campylobacter lanienae; Campylobacter magnus
g056	5	GCF_000162575.1,GCF_003245365.1,GCF_017979475.1,GCF_023646285.1,GCF_027859255.1	Helicobacter canadensis; Helicobacter valdiviensis; Helicobacter pullorum; Helicobacter colisuis; Helicobacter ibis
g057	3	GCF_000265295.1,GCF_000568815.1,GCF_001723605.1	Sulfurospirillum barnesii; Sulfurospirillum multivorans; Sulfurospirillum halorespirans
g058	2	GCF_000763135.2,GCF_003364255.1	Helicobacter jaachi; Helicobacter marmotae
